t_start_s,dwell_s,center_mhz
0.000,0.100,9500
0.100,0.100,3250
0.200,0.100,9000
0.300,0.100,3000
0.400,0.100,9500
0.500,0.100,15500
0.600,0.100,1000
0.700,0.100,10500
0.800,0.100,5500
0.900,0.100,9500
1.000,0.100,250
1.100,0.100,5750
1.200,0.100,9000
1.300,0.100,10500
1.400,0.100,9500
1.500,0.100,9500
1.600,0.100,3000
1.700,0.100,5250
1.800,0.100,9500
1.900,0.100,1000
2.000,0.100,5500
2.100,0.100,10500
2.200,0.100,1750
2.300,0.100,9500
2.400,0.100,9000
2.500,0.100,3250
2.600,0.100,1500
2.700,0.100,5750
2.800,0.100,3000
2.900,0.100,9500
3.000,0.100,750
3.100,0.100,9000
3.200,0.100,9500
3.300,0.100,10500
3.400,0.100,3000
3.500,0.100,9500
3.600,0.100,9500
3.700,0.100,1000
3.800,0.100,5750
3.900,0.100,9000
4.000,0.100,3250
4.100,0.100,9500
4.200,0.100,5250
4.300,0.100,10500
4.400,0.100,5500
4.500,0.100,9500
4.600,0.100,9000
4.700,0.100,3000
4.800,0.100,9500
4.900,0.100,15500
5.000,0.100,10500
5.100,0.100,9500
5.200,0.100,1000
5.300,0.100,3000
5.400,0.100,5750
5.500,0.100,9500
5.600,0.100,9000
5.700,0.100,5500
5.800,0.100,3250
5.900,0.100,9500
6.000,0.100,9500
6.100,0.100,10500
6.200,0.100,9000
6.300,0.100,3000
6.400,0.100,250
6.500,0.100,9500
6.600,0.100,10500
6.700,0.100,1000
6.800,0.100,5250
6.900,0.100,5750
7.000,0.100,9500
7.100,0.100,3000
7.200,0.100,5500
7.300,0.100,9500
7.400,0.100,9000
7.500,0.100,750
7.600,0.100,3250
7.700,0.100,9500
7.800,0.100,1000
7.900,0.100,1500
8.000,0.100,9500
8.100,0.100,10500
8.200,0.100,5750
8.300,0.100,9500
8.400,0.100,4500
8.500,0.100,3000
8.600,0.100,9000
8.700,0.100,9500
8.800,0.100,10500
8.900,0.100,5250
9.000,0.100,9000
9.100,0.100,9500
9.200,0.100,9500
9.300,0.100,3000
9.400,0.100,1000
9.500,0.100,5500
9.600,0.100,9500
9.700,0.100,1500
9.800,0.100,10500
9.900,0.100,9000
10.000,0.100,3250
10.100,0.100,9500
10.200,0.100,15500
10.300,0.100,5750
10.400,0.100,9500
10.500,0.100,5500
10.600,0.100,3000
10.700,0.100,1000
10.800,0.100,9500
10.900,0.100,10500
11.000,0.100,3250
11.100,0.100,9000
11.200,0.100,9500
11.300,0.100,3000
11.400,0.100,9500
11.500,0.100,5750
11.600,0.100,1000
11.700,0.100,10500
11.800,0.100,9500
11.900,0.100,9000
12.000,0.100,9500
12.100,0.100,4000
12.200,0.100,5250
12.300,0.100,5500
12.400,0.100,3000
12.500,0.100,10500
12.600,0.100,9500
12.700,0.100,1750
12.800,0.100,3250
12.900,0.100,1000
13.000,0.100,9000
13.100,0.100,15500
13.200,0.100,9500
13.300,0.100,3000
13.400,0.100,9000
13.500,0.100,9500
13.600,0.100,5750
13.700,0.100,250
13.800,0.100,9500
13.900,0.100,10500
14.000,0.100,5500
14.100,0.100,9500
14.200,0.100,5250
14.300,0.100,9500
14.400,0.100,10500
14.500,0.100,3000
14.600,0.100,9000
14.700,0.100,9500
14.800,0.100,3250
14.900,0.100,5750
15.000,0.100,9500
15.100,0.100,10500
15.200,0.100,3000
15.300,0.100,1500
15.400,0.100,1000
15.500,0.100,9500
15.600,0.100,9000
15.700,0.100,5500
15.800,0.100,9500
15.900,0.100,750
16.000,0.100,9000
16.100,0.100,5750
16.200,0.100,9500
16.300,0.100,1000
16.400,0.100,3000
16.500,0.100,10500
16.600,0.100,9500
16.700,0.100,9500
16.800,0.100,5500
16.900,0.100,3250
17.000,0.100,9000
17.100,0.100,15500
17.200,0.100,9500
17.300,0.100,9500
17.400,0.100,10500
17.500,0.100,1000
17.600,0.100,3000
17.700,0.100,5250
17.800,0.100,250
17.900,0.100,9000
18.000,0.100,5750
18.100,0.100,9500
18.200,0.100,9500
18.300,0.100,10500
18.400,0.100,3000
18.500,0.100,1500
18.600,0.100,9500
18.700,0.100,10500
18.800,0.100,3250
18.900,0.100,9500
19.000,0.100,9000
19.100,0.100,5500
19.200,0.100,750
19.300,0.100,9500
19.400,0.100,3000
19.500,0.100,1750
19.600,0.100,5750
19.700,0.100,1000
19.800,0.100,9500
19.900,0.100,9500
20.000,0.100,9000
20.100,0.100,10500
20.200,0.100,5250
20.300,0.100,9500
20.400,0.100,3250
20.500,0.100,9000
20.600,0.100,3000
20.700,0.100,1000
20.800,0.100,9500
20.900,0.100,10500
21.000,0.100,250
21.100,0.100,9500
21.200,0.100,3000
21.300,0.100,9000
21.400,0.100,5500
21.500,0.100,15500
21.600,0.100,5750
21.700,0.100,3250
21.800,0.100,9500
21.900,0.100,2750
22.000,0.100,10500
22.100,0.100,9500
22.200,0.100,1000
22.300,0.100,9500
22.400,0.100,9000
22.500,0.100,5750
22.600,0.100,5500
22.700,0.100,9500
22.800,0.100,10500
22.900,0.100,3000
23.000,0.100,9500
23.100,0.100,3000
23.200,0.100,9500
23.300,0.100,9000
23.400,0.100,5250
23.500,0.100,9500
23.600,0.100,1000
23.700,0.100,3250
23.800,0.100,10500
23.900,0.100,5750
24.000,0.100,9500
24.100,0.100,4500
24.200,0.100,1500
24.300,0.100,5500
24.400,0.100,9000
24.500,0.100,9500
24.600,0.100,1000
24.700,0.100,15500
24.800,0.100,9500
24.900,0.100,3000
25.000,0.100,9000
25.100,0.100,10500
25.200,0.100,9500
25.300,0.100,9500
25.400,0.100,3000
25.500,0.100,5250
25.600,0.100,10500
25.700,0.100,3250
25.800,0.100,9500
25.900,0.100,5750
26.000,0.100,9000
26.100,0.100,9500
26.200,0.100,5500
26.300,0.100,750
26.400,0.100,3000
26.500,0.100,9500
26.600,0.100,1000
26.700,0.100,10500
26.800,0.100,3250
26.900,0.100,9000
27.000,0.100,9500
27.100,0.100,1750
27.200,0.100,250
27.300,0.100,9500
27.400,0.100,5750
27.500,0.100,9500
27.600,0.100,9000
27.700,0.100,10500
27.800,0.100,5250
27.900,0.100,1000
28.000,0.100,3000
28.100,0.100,5500
28.200,0.100,9500
28.300,0.100,9500
28.400,0.100,1500
28.500,0.100,9500
28.600,0.100,3000
28.700,0.100,15500
28.800,0.100,9000
28.900,0.100,10500
29.000,0.100,1000
29.100,0.100,9500
29.200,0.100,3250
29.300,0.100,9500
29.400,0.100,5750
29.500,0.100,9000
29.600,0.100,5500
29.700,0.100,10500
29.800,0.100,3000
29.900,0.100,9500
